22/01/2023 5:10:02 PM, Reserved, 9b0896fa-3880-4c2e-bfd6-925c87f22878, 2d51bba3-9539-45af-8fd7-a386c73c97b2
22/01/2023 5:10:20 PM, Reserved, 9b0896fa-3880-4c2e-bfd6-925c87f22878, c6dd4b91-be2f-4107-b8ad-58299464c389
22/01/2023 5:10:28 PM, Reserved, 9b0896fa-3880-4c2e-bfd6-925c87f22878, 84c79fc5-22ea-44a9-8f99-bbc7b8d963b6
22/01/2023 5:12:49 PM, Reserved, 9b0896fa-3880-4c2e-bfd6-925c87f22878, 16aaf594-fb7b-4da2-83f7-1d6df07f3671
22/01/2023 5:15:02 PM, Reserved, 0550818d-36ad-4a8d-9c3a-a715bf15de76, 0bb490e1-f42d-407b-9a4f-7f6de01b9f6b
22/01/2023 5:15:07 PM, Reserved, 8e0f11f1-be5c-4dbc-8012-c19ce8cbe8e1, 2ff0b879-59a4-42c2-b817-6c2f295f1650
22/01/2023 5:15:16 PM, Cancelled, 8e0f11f1-be5c-4dbc-8012-c19ce8cbe8e1, 
22/01/2023 5:15:22 PM, Reserved, 8e0f11f1-be5c-4dbc-8012-c19ce8cbe8e1, 6f843db2-c6a6-4ee5-af65-9df43ce77ec9
22/01/2023 7:52:41 PM, Cancelled, 9b0896fa-3880-4c2e-bfd6-925c87f22878, 
22/01/2023 7:52:42 PM, Cancelled, 0550818d-36ad-4a8d-9c3a-a715bf15de76, 
22/01/2023 7:52:43 PM, Reserved, 9b0896fa-3880-4c2e-bfd6-925c87f22878, 766f0d04-a93a-46a3-b3e4-e9eb45066203
22/01/2023 7:52:44 PM, Cancelled, 8e0f11f1-be5c-4dbc-8012-c19ce8cbe8e1, 
22/01/2023 7:52:45 PM, Reserved, 0550818d-36ad-4a8d-9c3a-a715bf15de76, 700e0310-53e4-40da-a328-8c98b976b70f
22/01/2023 7:52:48 PM, Cancelled, 9b0896fa-3880-4c2e-bfd6-925c87f22878, 
22/01/2023 7:52:50 PM, Reserved, 9b0896fa-3880-4c2e-bfd6-925c87f22878, e30adc13-ef1c-4f02-a8eb-45b75b7528d4
22/01/2023 7:52:51 PM, Cancelled, 9b0896fa-3880-4c2e-bfd6-925c87f22878, 
22/01/2023 7:52:53 PM, Reserved, 9b0896fa-3880-4c2e-bfd6-925c87f22878, 62d0c78e-7e03-4b4e-ae78-5526ac6cee22
22/01/2023 7:52:54 PM, Cancelled, 9b0896fa-3880-4c2e-bfd6-925c87f22878, 
22/01/2023 7:53:13 PM, Reserved, 9b0896fa-3880-4c2e-bfd6-925c87f22878, bf62a052-57f9-4bea-b1f6-d7ededeb6d50
22/01/2023 7:53:14 PM, Cancelled, 9b0896fa-3880-4c2e-bfd6-925c87f22878, 
22/01/2023 7:53:14 PM, Reserved, 9b0896fa-3880-4c2e-bfd6-925c87f22878, b2dda987-a17c-458d-9b8e-dd00806e4fbe
22/01/2023 7:53:15 PM, Cancelled, 9b0896fa-3880-4c2e-bfd6-925c87f22878, 
22/01/2023 7:53:26 PM, Reserved, 8e0f11f1-be5c-4dbc-8012-c19ce8cbe8e1, 5eafda9e-6d71-4a58-b99f-03f483b20100
22/01/2023 7:53:28 PM, Cancelled, 0550818d-36ad-4a8d-9c3a-a715bf15de76, 
22/01/2023 7:53:29 PM, Reserved, 9b0896fa-3880-4c2e-bfd6-925c87f22878, d1d12250-af75-4e99-b15d-b0b1bf475779
22/01/2023 7:53:43 PM, Cancelled, 9b0896fa-3880-4c2e-bfd6-925c87f22878, 
22/01/2023 7:53:44 PM, Cancelled, 8e0f11f1-be5c-4dbc-8012-c19ce8cbe8e1, 
22/01/2023 7:53:48 PM, Reserved, 9b0896fa-3880-4c2e-bfd6-925c87f22878, 93173c7b-376c-4745-92aa-be8efed8a8e3
22/01/2023 7:57:09 PM, Cancelled, 9b0896fa-3880-4c2e-bfd6-925c87f22878, 
22/01/2023 7:57:11 PM, Reserved, 9b0896fa-3880-4c2e-bfd6-925c87f22878, 00e5b381-3366-41b2-8daf-53d2e9ec2f35
22/01/2023 7:58:36 PM, Cancelled, 9b0896fa-3880-4c2e-bfd6-925c87f22878, 
22/01/2023 7:58:37 PM, Reserved, 0550818d-36ad-4a8d-9c3a-a715bf15de76, 86f3b6dd-8c2a-49bf-a1d4-029fa6c91fc1
22/01/2023 7:58:38 PM, Reserved, 9b0896fa-3880-4c2e-bfd6-925c87f22878, 0117fef9-4fc7-45ae-a499-8935a6d1c172
22/01/2023 7:58:39 PM, Cancelled, 9b0896fa-3880-4c2e-bfd6-925c87f22878, 
22/01/2023 7:58:41 PM, Cancelled, 0550818d-36ad-4a8d-9c3a-a715bf15de76, 
22/01/2023 7:58:42 PM, Reserved, 0550818d-36ad-4a8d-9c3a-a715bf15de76, bb37ade5-cb1d-429e-ab38-39a6cfa93a9e
22/01/2023 7:58:43 PM, Cancelled, 0550818d-36ad-4a8d-9c3a-a715bf15de76, 
22/01/2023 7:58:44 PM, Reserved, 0550818d-36ad-4a8d-9c3a-a715bf15de76, 858d6c29-ec78-49e9-8625-ba471cd8fb35
22/01/2023 7:58:47 PM, Reserved, 8e0f11f1-be5c-4dbc-8012-c19ce8cbe8e1, d273990f-4dac-43cc-8291-d2993445df50
22/01/2023 7:58:49 PM, Cancelled, 8e0f11f1-be5c-4dbc-8012-c19ce8cbe8e1, 
22/01/2023 7:58:51 PM, Cancelled, 0550818d-36ad-4a8d-9c3a-a715bf15de76, 
22/01/2023 7:58:53 PM, Reserved, 9b0896fa-3880-4c2e-bfd6-925c87f22878, 0f267785-6d67-49a6-84ff-906c436199c3
22/01/2023 7:58:58 PM, Reserved, 0550818d-36ad-4a8d-9c3a-a715bf15de76, b725d421-e4c6-495d-ac57-f864eb0a8307
